"=""Rank""","=""Team""","=""GP""","=""W""","=""L""","=""OT""","=""PTS""","=""P%""","=""RW""","=""ROW""","=""GF""","=""GA""","=""DIFF""","=""HOME""","=""AWAY""","=""S/O""","=""L10""","=""STRK"""
"=""1""","=""Colorado Avalanche P""","=""82""","=""55""","=""16""","=""11""","=""121""","="".738""","=""48""","=""51""","=""302""","=""203""","=""+99""","=""26-9-6""","=""29-7-5""","=""4-6""","=""7-2-1""","=""W3"""
"=""2""","=""Carolina Hurricanes Z""","=""82""","=""53""","=""22""","=""7""","=""113""","="".689""","=""39""","=""48""","=""296""","=""240""","=""+56""","=""29-10-2""","=""24-12-5""","=""5-4""","=""7-2-1""","=""W1"""
"=""3""","=""Dallas Stars X""","=""82""","=""50""","=""20""","=""12""","=""112""","="".683""","=""38""","=""44""","=""279""","=""226""","=""+53""","=""26-11-4""","=""24-9-8""","=""6-4""","=""7-2-1""","=""W5"""
"=""4""","=""Buffalo Sabres Y""","=""82""","=""50""","=""23""","=""9""","=""109""","="".665""","=""42""","=""45""","=""288""","=""241""","=""+47""","=""26-10-5""","=""24-13-4""","=""5-1""","=""6-3-1""","=""OT1"""
"=""5""","=""Tampa Bay Lightning X""","=""82""","=""50""","=""26""","=""6""","=""106""","="".646""","=""40""","=""46""","=""290""","=""231""","=""+59""","=""26-14-1""","=""24-12-5""","=""4-2""","=""5-5-0""","=""L1"""
"=""6""","=""Montréal Canadiens X""","=""82""","=""48""","=""24""","=""10""","=""106""","="".646""","=""34""","=""44""","=""283""","=""256""","=""+27""","=""24-15-2""","=""24-9-8""","=""4-5""","=""7-3-0""","=""L1"""
"=""7""","=""Minnesota Wild X""","=""82""","=""46""","=""24""","=""12""","=""104""","="".634""","=""31""","=""42""","=""272""","=""240""","=""+32""","=""23-10-8""","=""23-14-4""","=""4-5""","=""6-4-0""","=""W1"""
"=""8""","=""Boston Bruins X""","=""82""","=""45""","=""27""","=""10""","=""100""","="".610""","=""33""","=""41""","=""272""","=""250""","=""+22""","=""29-11-1""","=""16-16-9""","=""4-3""","=""5-3-2""","=""W2"""
"=""9""","=""Ottawa Senators X""","=""82""","=""44""","=""27""","=""11""","=""99""","="".604""","=""38""","=""41""","=""278""","=""246""","=""+32""","=""23-12-6""","=""21-15-5""","=""3-1""","=""6-3-1""","=""W1"""
"=""10""","=""Pittsburgh Penguins X""","=""82""","=""41""","=""25""","=""16""","=""98""","="".598""","=""34""","=""38""","=""293""","=""268""","=""+25""","=""20-13-8""","=""21-12-8""","=""3-10""","=""5-5-0""","=""L3"""
"=""11""","=""Philadelphia Flyers X""","=""82""","=""43""","=""27""","=""12""","=""98""","="".598""","=""27""","=""33""","=""250""","=""243""","=""+7""","=""20-13-8""","=""23-14-4""","=""10-4""","=""7-3-0""","=""W3"""
"=""12""","=""Washington Capitals E""","=""82""","=""43""","=""30""","=""9""","=""95""","="".579""","=""37""","=""41""","=""263""","=""244""","=""+19""","=""25-11-5""","=""18-19-4""","=""2-6""","=""8-2-0""","=""W4"""
"=""13""","=""Vegas Golden Knights Y""","=""82""","=""39""","=""26""","=""17""","=""95""","="".579""","=""30""","=""38""","=""265""","=""250""","=""+15""","=""20-12-9""","=""19-14-8""","=""1-8""","=""7-0-3""","=""W3"""
"=""14""","=""Edmonton Oilers X""","=""82""","=""41""","=""30""","=""11""","=""93""","="".567""","=""32""","=""41""","=""282""","=""269""","=""+13""","=""22-14-5""","=""19-16-6""","=""0-4""","=""6-2-2""","=""W1"""
"=""15""","=""Utah Mammoth X""","=""82""","=""43""","=""33""","=""6""","=""92""","="".561""","=""33""","=""43""","=""268""","=""240""","=""+28""","=""22-16-3""","=""21-17-3""","=""0-0""","=""6-4-0""","=""L1"""
"=""16""","=""Detroit Red Wings E""","=""82""","=""41""","=""31""","=""10""","=""92""","="".561""","=""30""","=""39""","=""241""","=""258""","=""-17""","=""21-16-4""","=""20-15-6""","=""2-4""","=""2-6-2""","=""L1"""
"=""17""","=""Columbus Blue Jackets E""","=""82""","=""40""","=""30""","=""12""","=""92""","="".561""","=""28""","=""33""","=""253""","=""253""","=""0""","=""20-13-8""","=""20-17-4""","=""7-2""","=""2-7-1""","=""L2"""
"=""18""","=""Anaheim Ducks X""","=""82""","=""43""","=""33""","=""6""","=""92""","="".561""","=""26""","=""35""","=""273""","=""288""","=""-15""","=""24-13-4""","=""19-20-2""","=""8-0""","=""2-6-2""","=""W1"""
"=""19""","=""New York Islanders E""","=""82""","=""43""","=""34""","=""5""","=""91""","="".555""","=""29""","=""39""","=""233""","=""241""","=""-8""","=""22-17-2""","=""21-17-3""","=""4-5""","=""3-7-0""","=""L3"""
"=""20""","=""Los Angeles Kings X""","=""82""","=""35""","=""27""","=""20""","=""90""","="".549""","=""22""","=""30""","=""225""","=""247""","=""-22""","=""15-17-9""","=""20-10-11""","=""5-9""","=""6-2-2""","=""L1"""
"=""21""","=""New Jersey Devils E""","=""82""","=""42""","=""37""","=""3""","=""87""","="".530""","=""29""","=""38""","=""230""","=""254""","=""-24""","=""21-17-3""","=""21-20-0""","=""4-1""","=""5-4-1""","=""L1"""
"=""22""","=""St. Louis Blues E""","=""82""","=""37""","=""33""","=""12""","=""86""","="".524""","=""33""","=""36""","=""231""","=""258""","=""-27""","=""20-14-7""","=""17-19-5""","=""1-4""","=""6-3-1""","=""W4"""
"=""23""","=""Nashville Predators E""","=""82""","=""38""","=""34""","=""10""","=""86""","="".524""","=""28""","=""33""","=""247""","=""269""","=""-22""","=""21-17-3""","=""17-17-7""","=""5-2""","=""4-5-1""","=""L2"""
"=""24""","=""San Jose Sharks E""","=""82""","=""39""","=""35""","=""8""","=""86""","="".524""","=""27""","=""37""","=""251""","=""292""","=""-41""","=""21-14-6""","=""18-21-2""","=""2-2""","=""5-4-1""","=""W1"""
"=""25""","=""Florida Panthers E""","=""82""","=""40""","=""38""","=""4""","=""84""","="".512""","=""32""","=""35""","=""251""","=""276""","=""-25""","=""23-15-3""","=""17-23-1""","=""5-2""","=""5-4-1""","=""W3"""
"=""26""","=""Winnipeg Jets E""","=""82""","=""35""","=""35""","=""12""","=""82""","="".500""","=""28""","=""33""","=""231""","=""260""","=""-29""","=""19-16-6""","=""16-19-6""","=""2-4""","=""5-5-0""","=""L4"""
"=""27""","=""Seattle Kraken E""","=""82""","=""34""","=""37""","=""11""","=""79""","="".482""","=""26""","=""32""","=""226""","=""263""","=""-37""","=""19-17-5""","=""15-20-6""","=""2-6""","=""2-8-0""","=""L3"""
"=""28""","=""Toronto Maple Leafs E""","=""82""","=""32""","=""36""","=""14""","=""78""","="".476""","=""23""","=""31""","=""253""","=""299""","=""-46""","=""18-15-8""","=""14-21-6""","=""1-4""","=""2-7-1""","=""L5"""
"=""29""","=""Calgary Flames E""","=""82""","=""34""","=""39""","=""9""","=""77""","="".470""","=""27""","=""30""","=""212""","=""259""","=""-47""","=""23-13-5""","=""11-26-4""","=""4-3""","=""4-5-1""","=""W1"""
"=""30""","=""New York Rangers E""","=""82""","=""34""","=""39""","=""9""","=""77""","="".470""","=""25""","=""31""","=""238""","=""250""","=""-12""","=""14-20-7""","=""20-19-2""","=""3-1""","=""6-4-0""","=""W1"""
"=""31""","=""Chicago Blackhawks E""","=""82""","=""29""","=""39""","=""14""","=""72""","="".439""","=""22""","=""26""","=""213""","=""275""","=""-62""","=""14-19-8""","=""15-20-6""","=""3-5""","=""2-7-1""","=""W1"""
"=""32""","=""Vancouver Canucks E""","=""82""","=""25""","=""49""","=""8""","=""58""","="".354""","=""15""","=""19""","=""216""","=""316""","=""-100""","=""9-27-5""","=""16-22-3""","=""6-2""","=""4-6-0""","=""L1"""