"Away","Home","Orario"

"Monday, October 5"
"Philadelphia","Tampa Bay","8:00 PM ADT"
"Ottawa","Boston","8:30 PM ADT"
"Winnipeg","Pittsburgh","8:30 PM ADT"
"San Jose","Dallas","9:00 PM ADT"

"Tuesday, October 6"
"Nashville","Toronto","8:00 PM ADT"
"Carolina","Montréal","8:00 PM ADT"
"Ottawa","Detroit","8:00 PM ADT"
"Utah","New Jersey","8:00 PM ADT"
"New York","New York","8:00 PM ADT"
"Minnesota","Buffalo","9:00 PM ADT"
"St. Louis","Chicago","9:00 PM ADT"
"Vegas","Seattle","10:40 PM ADT"
"Florida","Los Angeles","11:30 PM ADT"

"Wednesday, October 7"
"Pittsburgh","Washington","8:30 PM ADT"
"Colorado","Winnipeg","8:30 PM ADT"
"Edmonton","Anaheim","11:00 PM ADT"

"Thursday, October 8"
"Utah","Boston","8:00 PM ADT"
"Dallas","Buffalo","8:00 PM ADT"
"Nashville","Montréal","8:00 PM ADT"
"Philadelphia","Ottawa","8:00 PM ADT"
"Minnesota","Tampa Bay","8:00 PM ADT"
"Vancouver","Carolina","8:00 PM ADT"
"Chicago","New York","8:30 PM ADT"
"San Jose","St. Louis","9:00 PM ADT"
"Colorado","Calgary","10:00 PM ADT"
"Toronto","Vegas","11:00 PM ADT"