Periodo,Squadra 1,Punteggio 1,Squadra 2,Punteggio 2
"2 (Oct 10 - Oct 12)","Regina Sestras","26.22","Arizona Cactus","62.09"
"2 (Oct 10 - Oct 12)","Detroit Eliters","30.35","Chicago Jackals","52.66"
"2 (Oct 10 - Oct 12)","London Hummingbirds","36.31","Toronto Sasquatch","48.45"
"2 (Oct 10 - Oct 12)","Niagara Falls Goats","52.47","Bronx Rangers","45.19"
"2 (Oct 10 - Oct 12)","Philadelphia Alleghers","90.39","Halifax Lumberjacks","45.48"
"2 (Oct 10 - Oct 12)","Pittsburgh Bagpipes","35.82","Detroit Octopus","50.2"
"2 (Oct 10 - Oct 12)","Quebec Mooses","69.52","Montreal Natives","41.56"
"2 (Oct 10 - Oct 12)","Saskatoon Herdsmen","41.67","Las Vegas Jackpots","31.9"
"1 (Oct 7 - Oct 9)","Las Vegas Jackpots","33.41","Arizona Cactus","62.98"
"1 (Oct 7 - Oct 9)","Detroit Octopus","44.59","Chicago Jackals","72.28"
"1 (Oct 7 - Oct 9)","Halifax Lumberjacks","64.7","Bronx Rangers","68.17"
"1 (Oct 7 - Oct 9)","Montreal Natives","48.63","London Hummingbirds","42.66"
"1 (Oct 7 - Oct 9)","Philadelphia Alleghers","45.81","Niagara Falls Goats","48.52"
"1 (Oct 7 - Oct 9)","Pittsburgh Bagpipes","42.54","Detroit Eliters","63.94"
"1 (Oct 7 - Oct 9)","Saskatoon Herdsmen","35.8","Regina Sestras","42.83"
"1 (Oct 7 - Oct 9)","Toronto Sasquatch","88.66","Quebec Mooses","41.58"
