"","Skaters"
"ID","Pos","Player","Team","Eligible","Status","Age","Salary","Contract","Fantasy Points","Average Fantasy Points per Game","CPTs","WVR","BUR","% of leagues in which player was drafted","Average draft position among all leagues on Fantrax","GP","G","A1","A2","+/-","PIM","PPG","SHG","ENG","PPA","SHA","Hit","Blk","FOW","SGWG","Cor"
"*01c12*","C","John Tavares","TOR","C","Act","36","11,154,000","2027","274.04","3.34","C","","NO","100","113.24","82","31","21","19","-28","28","12","0","2","9","0","74","24","801","0","-102"
"*042t5*","C2","Tage Thompson","BUF","C,RW","Act","28","4,285,715","2029","288.81","3.57","","","","100","26.48","81","40","28","13","-6","35","6","0","3","18","1","85","48","390","1","17"
"*03rf2*","C3","Roope Hintz","DAL","C","Act","29","4,225,000","2028","170.88","3.22","","","NO","97","140.02","53","15","18","11","16","18","6","0","2","13","0","60","18","430","0","16"
"*05ltt*","C4","Alex Laferriere","LAK","C,LW,RW","Act","24","2,255,000","2027","189.7","2.31","","","","78","192.54","82","21","12","11","3","18","3","2","1","2","0","255","49","198","0","145"
"*03l0t*","LW","Pavel Zacha","BOS","C,LW","Act","29","2,731,250","2029","245.61","3.15","","","","87","186.65","78","30","17","18","4","28","11","0","1","11","0","64","26","524","0","-63"
"*04zo0*","LW2","Pavel Dorofeyev","NYR","LW,RW","Act","25","989,750","2027","225.53","2.75","","","NO","99","102.82","82","37","18","9","-3","24","20","0","0","10","0","27","28","0","1","241"
"*03rab*","LW3","Jake DeBrusk","VAN","LW,RW","Act","29","2,750,000","2027","145.25","1.79","","","NO","43","261.98","81","23","10","9","-31","12","19","0","0","5","0","66","34","14","2","-140"
"*03ee4*","LW4","Victor Olofsson","VGK","LW,RW","Act","31","2,541,250","2027","93.85","1.2","","","NO","3","292.81","78","13","7","11","5","6","2","0","0","5","0","18","21","3","0","175"
"*003kg*","RW","Patrick Kane","CHI","RW","Act","37","2,000,000","2027","137.75","2.06","","LVJ","NO","86","185.27","67","16","21","18","-1","16","2","0","2","17","0","21","24","5","0","55"
"*004cq*","RW2","Alex Ovechkin","WSH","LW,RW","Act","41","6,000,000","2027","198.04","2.42","","LVJ","NO","100","103.22","82","32","22","10","-5","26","5","0","7","14","0","134","16","2","0","53"
"*05gdo*","RW3","Luke Evangelista","NJD","RW","Act","24","1,500,000","2028","134.58","1.66","","","","69","227.17","81","12","27","17","1","28","1","0","1","16","0","21","21","0","1","321"
"*04bw4*","RW4","Andrei Kuzmenko","PIT","LW,RW","Act","30","2,500,000","2027","82.38","1.58","","","","5","292.29","52","13","3","9","-4","16","8","0","0","5","0","18","14","0","0","76"
"*00qnu*","D","Drew Doughty","LAK","D","Act","36","9,317,000","2027","65.27","0.91","A","","NO","14","286.07","72","5","7","11","4","40","0","0","1","1","1","52","76","0","0","179"
"*03rf5*","D2","Rasmus Andersson","VGK","D","Act","29","2,502,500","2027","152.51","1.88","","","NO","99","124.71","81","17","22","8","4","71","6","1","1","7","0","37","150","0","0","-13"
"*01f3d*","D3","Oliver Ekman-Larsson","TOR","D","Act","35","5,885,000","2027","89.31","1.15","","","NO","33","267.61","78","8","11","20","-6","70","0","0","0","9","0","86","72","0","0","-163"
"*04qxy*","D4","Alexander Romanov","NYI","D","Act","26","3,125,000","2027","5.18","0.35","","","NO","10","287.89","15","0","0","1","-7","6","0","0","0","0","0","31","31","0","0","-69"
"*03yg4*","D5","Samuel Girard","PIT","D","Act","28","3,062,608","2028","50.91","0.85","","","","1","293.19","60","3","6","10","17","23","0","0","0","0","0","21","58","0","0","152"
"*04zb6*","D6","Alex Vlasic","CHI","D","Act","25","2,461,000","2028","42.76","0.53","","","","1","293.64","81","2","11","8","-16","17","0","0","0","0","1","29","119","0","0","-293"
"*05kei*","C4","Lukas Reichel","BOS","C,LW","Res","24","925,000","2027","23.09","0.8","","","","0","292.9","29","3","3","2","-2","6","0","0","0","0","0","9","16","46","0","-72"
"*076r6*","LW2","Chase Harrington","CGY","LW","Res","18","1,025,000","2029","0","0","","","","0","-","0","0","0","0","0","0","0","0","0","0","0","0","0","0","0","0"
"*06psl*","LW2","Ivar Stenberg","SJS","LW","Res","18","1,075,000","2029","0","0","","","","91","165.56","0","0","0","0","0","0","0","0","0","0","0","0","0","0","0","0"
"*04f0v*","LW3","Alexandre Texier","MTL","LW","Res","27","1,250,000","2027","61.1","1.2","","","","1","292.82","51","8","6","7","9","26","0","0","0","1","0","65","15","3","1","55"
"*06iml*","LW","Maxim Tsyplakov","CGY","LW","Res","28","1,125,000","2028","19.2","0.39","","","","3","292.92","49","2","2","0","-17","6","0","0","0","0","0","83","8","9","0","-20"
"*06imq*","RW4","Maxim Shabanov","MIN","RW","Res","25","975,000","2028","44.34","1.01","","","","5","290.84","44","5","8","5","-5","2","0","0","0","5","0","27","16","0","0","-112"
"*064mz*","RW2","Charlie Stramel","MIN","RW","Res","21","1,075,000","2028","0","0","","","","0","-","0","0","0","0","0","0","0","0","0","0","0","0","0","0","0","0"
"*070fp*","D2","Daxon Rudolph","BUF","D","Res","18","1,025,000","2029","0","0","","","","1","291.34","0","0","0","0","0","0","0","0","0","0","0","0","0","0","0","0"
"*06axx*","C2","William Horcoff","PIT","C","Min","19","925,000","2028","0","0","","","","0","-","0","0","0","0","0","0","0","0","0","0","0","0","0","0","0","0"
"*06pyr*","LW2","Cullen Potter","CGY","LW","Min","19","925,000","2028","0","0","","","","0","-","0","0","0","0","0","0","0","0","0","0","0","0","0","0","0","0"

"","Goalies"
"ID","Pos","Player","Team","Eligible","Status","Age","Salary","Contract","Fantasy Points","Average Fantasy Points per Game","CPTs","WVR","BUR","% of leagues in which player was drafted","Average draft position among all leagues on Fantrax","GP","W","OL","ShL","GA","SV","SHO","PIM","G","A","PPA","SHA"
"*01d6c*","G","Jacob Markstrom","FLA","G","Act","36","6,867,432","2027","220.15","5","","","NO","99","121.14","44","23","1","0","130","983","1","13","0","4","2","1"
"*016kv*","G","Jake Allen","NJD","G","Res","36","990,000","2027","219.6","5.94","","","","59","233.1","37","17","1","1","100","932","1","0","0","1","0","0"
"*03rfo*","G","Daniel Vladar","PHI","G","Res","29","1,100,000","2027","289.1","5.56","","","NO","91","168.12","52","29","5","2","121","1,162","0","4","0","0","0","0"
"*042w1*","G","Joseph Woll","PHI","G","Res","28","775,000","2027","246.1","6.31","","","","12","284.66","39","15","6","1","124","1,097","2","2","0","1","0","0"

